Country,Ladder Score,Log GDP per capita,Social Support,Healthy Life Expectancy,Personal Freedom,Generosity,Perceptions of Corruption,Dystopia
Finland,7.741,1.844,1.572,0.695,0.859,0.142,0.546,2.082
Denmark,7.583,1.908,1.520,0.699,0.823,0.204,0.548,1.881
Iceland,7.525,1.881,1.617,0.718,0.819,0.258,0.182,2.050
Sweden,7.344,1.878,1.501,0.724,0.838,0.221,0.524,1.658
Israel,7.341,1.803,1.513,0.740,0.641,0.153,0.193,2.298
Netherlands,7.319,1.901,1.462,0.706,0.725,0.247,0.372,1.906
Norway,7.302,1.952,1.517,0.704,0.835,0.224,0.484,1.586
Luxembourg,7.122,2.141,1.355,0.708,0.801,0.146,0.432,1.540
Switzerland,7.060,1.970,1.425,0.747,0.759,0.173,0.498,1.488
Australia,7.057,1.854,1.461,0.692,0.756,0.225,0.323,1.745
New Zealand,7.029,1.810,1.527,0.673,0.746,0.226,0.480,1.567
Costa Rica,6.955,1.561,1.373,0.661,0.797,0.109,0.123,2.333
Kuwait,6.951,1.845,1.364,0.661,0.827,0.200,0.172,1.884
Austria,6.905,1.885,1.336,0.696,0.703,0.214,0.305,1.766
Canada,6.900,1.840,1.459,0.701,0.730,0.230,0.368,1.572
Belgium,6.894,1.868,1.440,0.690,0.729,0.170,0.311,1.686
Ireland,6.838,2.129,1.390,0.700,0.758,0.205,0.418,1.239
Czechia,6.822,1.783,1.511,0.638,0.787,0.177,0.068,1.858
Lithuania,6.818,1.766,1.454,0.598,0.533,0.044,0.116,2.307
United Kingdom,6.749,1.822,1.326,0.672,0.713,0.267,0.351,1.598
Slovenia,6.743,1.786,1.502,0.695,0.789,0.157,0.131,1.683
United Arab Emirates,6.733,1.983,1.164,0.563,0.815,0.209,0.258,1.741
United States,6.725,1.939,1.392,0.542,0.586,0.223,0.169,1.873
Germany,6.719,1.871,1.390,0.702,0.700,0.174,0.368,1.513
Mexico,6.678,1.521,1.241,0.544,0.722,0.086,0.127,2.437
Uruguay,6.611,1.596,1.431,0.592,0.775,0.106,0.220,1.891
France,6.609,1.818,1.348,0.727,0.650,0.112,0.281,1.672
Saudi Arabia,6.594,1.842,1.361,0.511,0.787,0.114,0.188,1.790
Kosovo,6.561,1.364,1.277,0.599,0.739,0.254,0.073,2.255
Singapore,6.523,2.118,1.361,0.769,0.743,0.168,0.575,0.788
Taiwan Province of China,6.503,1.842,1.346,0.650,0.649,0.068,0.202,1.747
Romania,6.491,1.699,1.236,0.583,0.717,0.041,0.006,2.210
El Salvador,6.469,1.265,1.080,0.549,0.816,0.083,0.253,2.424
Estonia,6.448,1.752,1.527,0.657,0.805,0.166,0.401,1.138
Poland,6.442,1.738,1.417,0.639,0.600,0.081,0.175,1.791
Spain,6.421,1.766,1.471,0.729,0.619,0.119,0.177,1.540
Serbia,6.411,1.538,1.391,0.585,0.663,0.200,0.101,1.932
Chile,6.360,1.616,1.369,0.673,0.651,0.117,0.075,1.858
Panama,6.358,1.702,1.392,0.633,0.720,0.063,0.043,1.806
Malta,6.346,1.827,1.444,0.707,0.727,0.250,0.125,1.267
Italy,6.324,1.800,1.328,0.720,0.513,0.112,0.074,1.777
Guatemala,6.287,1.260,1.169,0.467,0.735,0.105,0.078,2.473
Nicaragua,6.284,1.097,1.263,0.542,0.793,0.133,0.251,2.203
Brazil,6.272,1.430,1.269,0.548,0.685,0.130,0.142,2.068
Slovakia,6.257,1.706,1.540,0.638,0.566,0.096,0.058,1.653
Latvia,6.234,1.700,1.508,0.564,0.666,0.127,0.078,1.590
Uzbekistan,6.195,1.212,1.394,0.539,0.835,0.251,0.215,1.749
Argentina,6.188,1.562,1.381,0.585,0.681,0.087,0.080,1.812
Kazakhstan,6.188,1.622,1.457,0.556,0.733,0.149,0.120,1.551
Cyprus,6.068,1.794,1.217,0.744,0.529,0.124,0.049,1.611
Japan,6.060,1.786,1.354,0.785,0.632,0.023,0.219,1.261
South Korea,6.058,1.815,1.178,0.770,0.555,0.126,0.158,1.456
Philippines,6.048,1.232,1.146,0.441,0.826,0.099,0.136,2.167
Vietnam,6.043,1.331,1.267,0.539,0.843,0.094,0.160,1.810
Portugal,6.030,1.728,1.368,0.699,0.757,0.047,0.035,1.397
Hungary,6.017,1.722,1.528,0.596,0.581,0.123,0.067,1.400
Paraguay,5.977,1.398,1.408,0.549,0.788,0.131,0.065,1.637
Thailand,5.976,1.484,1.347,0.620,0.756,0.283,0.024,1.463
Malaysia,5.975,1.646,1.143,0.540,0.829,0.226,0.119,1.473
China,5.973,1.497,1.239,0.629,0.704,0.132,0.164,1.608
Honduras,5.968,1.091,1.035,0.502,0.720,0.175,0.081,2.364
Croatia,5.942,1.710,1.445,0.637,0.469,0.064,0.043,1.574
Greece,5.934,1.684,1.276,0.696,0.337,0.018,0.093,1.830
Bosnia and Herzegovina,5.877,1.465,1.318,0.587,0.621,0.246,0.000,1.640
Libya,5.866,1.526,1.100,0.550,0.592,0.111,0.204,1.785
Jamaica,5.842,1.280,1.324,0.567,0.647,0.089,0.028,1.907
Peru,5.841,1.371,1.180,0.662,0.615,0.078,0.029,1.907
Dominican Republic,5.823,1.517,1.272,0.511,0.730,0.086,0.196,1.512
Mauritius,5.816,1.570,1.358,0.490,0.641,0.123,0.118,1.517
Moldova,5.816,1.385,1.277,0.542,0.695,0.077,0.044,1.795
Russia,5.785,1.642,1.351,0.531,0.551,0.138,0.121,1.451
Bolivia,5.784,1.217,1.179,0.488,0.719,0.100,0.061,2.020
Ecuador,5.725,1.315,1.151,0.640,0.606,0.087,0.078,1.846
Kyrgyzstan,5.714,1.054,1.477,0.588,0.834,0.225,0.030,1.505
Montenegro,5.707,1.571,1.318,0.587,0.632,0.110,0.132,1.357
Mongolia,5.696,1.353,1.511,0.400,0.501,0.237,0.055,1.640
Colombia,5.695,1.437,1.241,0.648,0.644,0.072,0.059,1.596
Venezuela,5.607,0.000,1.321,0.491,0.518,0.192,0.086,2.998
Indonesia,5.568,1.361,1.184,0.472,0.779,0.399,0.055,1.318
Bulgaria,5.463,1.629,1.469,0.567,0.620,0.083,0.006,1.088
Armenia,5.455,1.444,1.154,0.603,0.650,0.051,0.173,1.379
South Africa,5.422,1.389,1.369,0.322,0.537,0.078,0.034,1.693
North Macedonia,5.369,1.475,1.277,0.569,0.580,0.194,0.015,1.260
Algeria,5.364,1.324,1.191,0.568,0.247,0.091,0.200,1.743
Hong Kong S.A.R. of China,5.316,1.909,1.184,0.857,0.485,0.147,0.402,0.333
Albania,5.304,1.438,0.924,0.638,0.690,0.138,0.049,1.428
Congo (Brazzaville),5.221,0.892,0.622,0.306,0.523,0.124,0.138,2.617
Mozambique,5.216,0.560,0.883,0.156,0.728,0.158,0.196,2.536
Georgia,5.185,1.467,0.990,0.524,0.680,0.000,0.174,1.349
Iraq,5.166,1.249,0.996,0.498,0.425,0.141,0.048,1.809
Nepal,5.158,0.965,0.990,0.443,0.653,0.209,0.115,1.783
Laos,5.139,1.208,0.846,0.423,0.796,0.170,0.167,1.529
Gabon,5.106,1.403,1.038,0.344,0.516,0.045,0.100,1.660
Ivory Coast,5.080,1.080,0.578,0.288,0.547,0.120,0.164,2.303
Guinea,5.023,0.831,0.622,0.236,0.521,0.210,0.107,2.497
Turkiye,4.975,1.702,1.175,0.631,0.202,0.068,0.115,1.083
Senegal,4.969,0.927,0.751,0.392,0.607,0.152,0.069,2.071
Iran,4.923,1.435,1.136,0.571,0.366,0.235,0.123,1.057
Azerbaijan,4.893,1.433,0.876,0.496,0.668,0.112,0.199,1.110
Nigeria,4.881,1.042,1.075,0.256,0.566,0.201,0.019,1.722
Cameroon,4.874,0.943,0.856,0.288,0.521,0.126,0.060,2.080
Ukraine,4.873,1.350,1.315,0.513,0.631,0.285,0.025,0.753
Namibia,4.832,1.266,1.212,0.307,0.470,0.069,0.061,1.446
Morocco,4.795,1.213,0.471,0.495,0.631,0.042,0.082,1.861
Pakistan,4.657,1.069,0.600,0.321,0.542,0.144,0.074,1.907
Niger,4.556,0.573,0.677,0.293,0.615,0.145,0.147,2.107
Burkina Faso,4.548,0.756,0.685,0.274,0.483,0.173,0.179,1.999
Mauritania,4.505,1.078,0.705,0.400,0.343,0.133,0.198,1.649
Gambia,4.485,0.750,0.684,0.330,0.459,0.324,0.048,1.890
Chad,4.471,0.603,0.805,0.199,0.411,0.218,0.113,2.122
Kenya,4.470,1.037,0.895,0.353,0.519,0.282,0.069,1.316
Tunisia,4.422,1.306,0.955,0.579,0.254,0.024,0.018,1.285
Benin,4.377,0.914,0.128,0.284,0.567,0.112,0.252,2.121
Uganda,4.372,0.772,1.151,0.373,0.587,0.178,0.054,1.256
Myanmar,4.354,0.978,0.988,0.436,0.450,0.401,0.174,0.928
Cambodia,4.341,1.011,1.019,0.442,0.863,0.170,0.071,0.765
Ghana,4.289,1.077,0.747,0.360,0.623,0.183,0.028,1.273
Liberia,4.269,0.619,0.673,0.301,0.546,0.178,0.075,1.878
Mali,4.232,0.747,0.688,0.267,0.586,0.120,0.090,1.734
Madagascar,4.228,0.628,0.823,0.333,0.250,0.172,0.123,1.897
Togo,4.214,0.758,0.586,0.320,0.453,0.127,0.156,1.814
Jordan,4.186,1.262,0.983,0.594,0.593,0.059,0.189,0.504
India,4.054,1.166,0.653,0.417,0.767,0.174,0.122,0.756
Egypt,3.977,1.370,0.996,0.488,0.490,0.025,0.259,0.349
Sri Lanka,3.898,1.361,1.179,0.586,0.583,0.144,0.031,0.014
Bangladesh,3.886,1.122,0.249,0.513,0.775,0.140,0.167,0.919
Ethiopia,3.861,0.792,0.915,0.420,0.441,0.270,0.101,0.923
Tanzania,3.781,0.820,0.706,0.380,0.709,0.191,0.257,0.717
Comoros,3.566,0.896,0.328,0.370,0.172,0.128,0.160,1.512
Yemen,3.561,0.671,1.281,0.293,0.362,0.080,0.113,0.760
Zambia,3.502,0.899,0.809,0.264,0.727,0.168,0.109,0.526
Eswatini,3.502,1.255,0.925,0.176,0.284,0.059,0.116,0.686
Malawi,3.421,0.617,0.410,0.349,0.571,0.135,0.136,1.203
Botswana,3.383,1.445,0.969,0.241,0.567,0.014,0.082,0.066
Zimbabwe,3.341,0.748,0.850,0.232,0.487,0.096,0.131,0.797
Congo (Kinshasa),3.295,0.534,0.665,0.262,0.473,0.189,0.072,1.102
Sierra Leone,3.245,0.654,0.566,0.253,0.469,0.181,0.053,1.068
Lesotho,3.186,0.771,0.851,0.000,0.523,0.082,0.085,0.875
Lebanon,2.707,1.377,0.577,0.556,0.173,0.068,0.029,-0.073
Afghanistan,1.721,0.628,0.000,0.242,0.000,0.091,0.088,0.672
